{
	"2001": {
		"Timestamp": "2018-01-09T19:30:03Z",
		"modified": "20180109T193003Z",
		"date_created": "20180109T193003Z",
		"type": "bundle",
		"display_type": "Bundle",
		"name": "Foster Classic Bundle",
		"bundle": "2011x1;2012x1;3358x1",
		"description": "Comes with Foster's Classic Suit Uniform (includes 9 skin styles), Classic Tie Accessory (includes 8 skin styles) and Bow Tie Accessory. Not tradeable or marketable.",
		"background_color": "000000",
		"icon_url": "http://art.tripwirecdn.com/TestItemIcons/Bundle_ClassicFoster_96.png",
		"icon_url_large": "http://art.tripwirecdn.com/TestItemIcons/Bundle_ClassicFoster_360.png",
		"name_color": "7a0000",
		"tradable": "false",
		"marketable": "false",
		"commodity": "false",
		"drop_interval": "0",
		"drop_max_per_window": "0",
		"workshopid": "0",
		"tw_unique_to_own": "true",
		"item_quality": "0",
		"tw_price": "$4.99",
		"tw_type": "skc",
		"tw_client_visible": "1",
		"tw_icon_small": "CHR_MrFoster_Item_TEX.ClassicSuit.UniformBundle_FostersSuit",
		"tw_icon_large": "CHR_MrFoster_Item_TEX.ClassicSuit.UniformBundle_FostersSuit",
		"tw_description": "<FosterClassicBundleDescription:Bundles>",
		"tw_client_name": "<FosterClassicBundleName:Bundles>",
		"tw_client_type": "<BundleType:Bundles>",
		"tw_rarity": "crate"
	},
	"2002": {
		"Timestamp": "2018-01-09T19:30:03Z",
		"modified": "20180109T193003Z",
		"date_created": "20180109T193003Z",
		"type": "bundle",
		"display_type": "Bundle",
		"name": "Briar's Bobby Bundle",
		"bundle": "2021x1;2022x1",
		"description": "Comes with Briar's London Uniform (includes 5 skin styles), and Custodian Helmet Cosmetic Accessory (includes 3 skin styles) Not tradeable or marketable.",
		"background_color": "000000",
		"icon_url": "http://art.tripwirecdn.com/TestItemIcons/Bundle_BriarBobby_96.png",
		"icon_url_large": "http://art.tripwirecdn.com/TestItemIcons/Bundle_BriarBobby_360.png",
		"name_color": "7a0000",
		"tradable": "false",
		"marketable": "false",
		"commodity": "false",
		"drop_interval": "0",
		"drop_max_per_window": "0",
		"workshopid": "0",
		"tw_unique_to_own": "true",
		"item_quality": "0",
		"tw_price": "$4.99",
		"tw_type": "skc",
		"tw_client_visible": "1",
		"tw_icon_small": "CHR_Briar_Item_TEX.BobbyUniform.UniformBundle_BriarBobby",
		"tw_icon_large": "CHR_Briar_Item_TEX.BobbyUniform.UniformBundle_BriarBobby",
		"tw_description": "<BriarsBobbyBundleDescription:Bundles>",
		"tw_client_name": "<BriarsBobbyBundleName:Bundles>",
		"tw_client_type": "<BundleType:Bundles>",
		"tw_rarity": "crate"
	},
	"2003": {
		"Timestamp": "2018-01-09T19:30:03Z",
		"modified": "20180109T193003Z",
		"date_created": "20180109T193003Z",
		"type": "bundle",
		"display_type": "Bundle",
		"name": "Tanaka's Biker Bundle",
		"bundle": "2031x1;2032x1",
		"description": "Comes with Tanaka's Motorcycle Uniform (includes 7 skin styles) and Helmet Cosmetic Accessory (includes 7 skin styles) Not tradeable or marketable.",
		"background_color": "000000",
		"icon_url": "http://art.tripwirecdn.com/TestItemIcons/Bundle_BikerTanaka_96.png",
		"icon_url_large": "http://art.tripwirecdn.com/TestItemIcons/Bundle_BikerTanaka_360.png",
		"name_color": "7a0000",
		"tradable": "false",
		"marketable": "false",
		"commodity": "false",
		"drop_interval": "0",
		"drop_max_per_window": "0",
		"workshopid": "0",
		"tw_unique_to_own": "true",
		"item_quality": "0",
		"tw_price": "$4.99",
		"tw_type": "skc",
		"tw_client_visible": "1",
		"tw_icon_small": "CHR_Tanaka_01_Item_TEX.BikerUniform.UniformBundle_TanakaBiker",
		"tw_icon_large": "CHR_Tanaka_01_Item_TEX.BikerUniform.UniformBundle_TanakaBiker",
		"tw_description": "<TanakasBikerBundleDescription:Bundles>",
		"tw_client_name": "<TanakasBikerBundleName:Bundles>",
		"tw_client_type": "<BundleType:Bundles>",
		"tw_rarity": "crate"
	}
}